"id","secretID","text","createTime","authorMeta.id","authorMeta.secUid","authorMeta.name","authorMeta.nickName","authorMeta.verified","authorMeta.signature","authorMeta.avatar","authorMeta.following","authorMeta.fans","authorMeta.heart","authorMeta.video","authorMeta.digg","musicMeta.musicId","musicMeta.musicName","musicMeta.musicAuthor","musicMeta.musicOriginal","musicMeta.musicAlbum","musicMeta.playUrl","musicMeta.coverThumb","musicMeta.coverMedium","musicMeta.coverLarge","musicMeta.duration","covers.default","covers.origin","covers.dynamic","webVideoUrl","videoUrl","videoUrlNoWaterMark","videoApiUrlNoWaterMark","videoMeta.height","videoMeta.width","videoMeta.duration","diggCount","shareCount","playCount","commentCount","downloaded","mentions","hashtags","effectStickers"
"6934808754156260613","6934808754156260613","#beautifull #hermosa",1614635998,"6876955668520190982","MS4wLjABAAAAauaucqPBGYwgxKc8XcJMSNCqqEhoGMJ6IF28p-TuYrpErya5_bC0lSGZ6sQKDxWh","juegosolimpicos_","Juegos OlÃ­mpicos",false,"Juegos OlÃ­mpicos.","https://p16-sign-va.tiktokcdn.com/tos-maliva-avt-0068/033440df751dd516394b9f3823ebf118~c5_1080x1080.jpeg?x-expires=1627776000&x-signature=hTXb7ojqQIrwx3BaWUCPVRqOo1Q%3D",1,394,481,11,4,"6934808742626200326","sonido original","Juegos OlÃ­mpicos",true,"","https://sf16-ies-music-va.tiktokcdn.com/obj/musically-maliva-obj/6934808741015587590.mp3","https://p16-sign-va.tiktokcdn.com/tos-maliva-avt-0068/033440df751dd516394b9f3823ebf118~c5_100x100.jpeg?x-expires=1627776000&x-signature=SeSmSQSllMCuAc%2BLyLbW052DXTA%3D","https://p16-sign-va.tiktokcdn.com/tos-maliva-avt-0068/033440df751dd516394b9f3823ebf118~c5_720x720.jpeg?x-expires=1627776000&x-signature=j8wLLvnpnVNDGQGvO2eL23x8t3E%3D","https://p16-sign-va.tiktokcdn.com/tos-maliva-avt-0068/033440df751dd516394b9f3823ebf118~c5_1080x1080.jpeg?x-expires=1627776000&x-signature=hTXb7ojqQIrwx3BaWUCPVRqOo1Q%3D",55,"https://p16-sign-va.tiktokcdn.com/obj/tos-maliva-p-0068/e503293e33314bc29b41e7b7a4476a2a_1614636017?x-expires=1627711200&x-signature=YNitijxE%2FStB3R10X7TA8DinB2I%3D","https://p16-sign-va.tiktokcdn.com/obj/tos-maliva-p-0068/2ab60fa398e043bf94743ac3b73ea489_1614636012?x-expires=1627711200&x-signature=WH2d0hh8cf7ComFwth9T8IvBUIA%3D","https://p16-sign-va.tiktokcdn.com/obj/tos-maliva-p-0068/2c320135640a4688a45f7e671be0cbb4_1614636000?x-expires=1627711200&x-signature=3k4IpplK6KLznu0EU1wOzvpCtfM%3D","https://www.tiktok.com/@juegosolimpicos_/video/6934808754156260613","https://v16-web.tiktok.com/video/tos/useast2a/tos-useast2a-ve-0068c001/a39228aa88764d129a20f9abf6819e5c/?a=1988&br=2184&bt=1092&cd=0%7C0%7C0&ch=0&cr=0&cs=0&dr=0&ds=3&er=&expire=1627711318&ft=Q9BExEBe_4ka&l=202107310001030101890651050C8FA75A&lr=tiktok_m&mime_type=video_mp4&net=0&pl=0&policy=2&qs=0&rc=ajRnbWxvanBwMzMzNjgzM0ApOWZnO2k1OWRnNzg7Z2ZoZWdubTQvcl9wMnJgLS0yLzZzcy5gMWJiYV82XjUzM2A1MDE6Yw%3D%3D&signature=05034762b31475f53072547e2bf3c96b&tk=tt_webid_v2&vl=&vr=","","",576,1024,55,42,0,1068,1,false,"[]","[{""id"":""151300"",""name"":""beautifull"",""title"":"""",""cover"":""""},{""id"":""115497"",""name"":""hermosa"",""title"":"""",""cover"":""""}]","[]"
"6934808106882944261","6934808106882944261","#hermosa",1614635846,"6876955668520190982","MS4wLjABAAAAauaucqPBGYwgxKc8XcJMSNCqqEhoGMJ6IF28p-TuYrpErya5_bC0lSGZ6sQKDxWh","juegosolimpicos_","Juegos OlÃ­mpicos",false,"Juegos OlÃ­mpicos.","https://p16-sign-va.tiktokcdn.com/tos-maliva-avt-0068/033440df751dd516394b9f3823ebf118~c5_1080x1080.jpeg?x-expires=1627776000&x-signature=hTXb7ojqQIrwx3BaWUCPVRqOo1Q%3D",1,394,481,11,4,"6934808107914676998","sonido original","Juegos OlÃ­mpicos",true,"","https://sf16-ies-music-va.tiktokcdn.com/obj/musically-maliva-obj/6934808162919336710.mp3","https://p16-sign-va.tiktokcdn.com/tos-maliva-avt-0068/033440df751dd516394b9f3823ebf118~c5_100x100.jpeg?x-expires=1627776000&x-signature=SeSmSQSllMCuAc%2BLyLbW052DXTA%3D","https://p16-sign-va.tiktokcdn.com/tos-maliva-avt-0068/033440df751dd516394b9f3823ebf118~c5_720x720.jpeg?x-expires=1627776000&x-signature=j8wLLvnpnVNDGQGvO2eL23x8t3E%3D","https://p16-sign-va.tiktokcdn.com/tos-maliva-avt-0068/033440df751dd516394b9f3823ebf118~c5_1080x1080.jpeg?x-expires=1627776000&x-signature=hTXb7ojqQIrwx3BaWUCPVRqOo1Q%3D",57,"https://p16-sign-va.tiktokcdn.com/obj/tos-maliva-p-0068/bc9cc3af269d4c079e7f477d29cdf301_1614635852?x-expires=1627711200&x-signature=DDNezHDMtYFFcsYK2KCRGjEuUkU%3D","https://p16-sign-va.tiktokcdn.com/obj/tos-maliva-p-0068/678bf8fe01344ec7a352ad1a88e40c1c_1614635850?x-expires=1627711200&x-signature=m883y3ItpYM7CiNnqBhICqmt3YA%3D","https://p16-sign-va.tiktokcdn.com/obj/tos-maliva-p-0068/5ac22b90a7424b0695ec3d272962892f_1614635849?x-expires=1627711200&x-signature=9IKMydZm1duGgxPUvRYZrn693eM%3D","https://www.tiktok.com/@juegosolimpicos_/video/6934808106882944261","https://v16-web.tiktok.com/video/tos/useast2a/tos-useast2a-ve-0068c002/e5d29ce9b10b46e38c1c2e140a343c73/?a=1988&br=2802&bt=1401&cd=0%7C0%7C0&ch=0&cr=0&cs=0&dr=0&ds=3&er=&expire=1627711320&ft=Q9BExEBe_4ka&l=202107310001030101890651050C8FA75A&lr=tiktok_m&mime_type=video_mp4&net=0&pl=0&policy=2&qs=0&rc=anVqbTxldXVwMzMzaDgzM0ApOTs2Z2g3ZTs5NzVlZzRmaWdeaTIvX3BiMXJgLS0vLzZzcy9eYDAwMS1iLzQ0YzNiMWM6Yw%3D%3D&signature=cda359671404bf97e4236d1996925a6a&tk=tt_webid_v2&vl=&vr=","","",576,1024,57,16,2,895,1,false,"[]","[{""id"":""115497"",""name"":""hermosa"",""title"":"""",""cover"":""""}]","[]"
"6934807102812720390","6934807102812720390","#mujeres #mujereshermosas1",1614635614,"6876955668520190982","MS4wLjABAAAAauaucqPBGYwgxKc8XcJMSNCqqEhoGMJ6IF28p-TuYrpErya5_bC0lSGZ6sQKDxWh","juegosolimpicos_","Juegos OlÃ­mpicos",false,"Juegos OlÃ­mpicos.","https://p16-sign-va.tiktokcdn.com/tos-maliva-avt-0068/033440df751dd516394b9f3823ebf118~c5_1080x1080.jpeg?x-expires=1627776000&x-signature=hTXb7ojqQIrwx3BaWUCPVRqOo1Q%3D",1,394,481,11,4,"6934807094298249990","sonido original","Juegos OlÃ­mpicos",true,"","https://sf16-ies-music-va.tiktokcdn.com/obj/musically-maliva-obj/6934807112803568390.mp3","https://p16-sign-va.tiktokcdn.com/tos-maliva-avt-0068/033440df751dd516394b9f3823ebf118~c5_100x100.jpeg?x-expires=1627776000&x-signature=SeSmSQSllMCuAc%2BLyLbW052DXTA%3D","https://p16-sign-va.tiktokcdn.com/tos-maliva-avt-0068/033440df751dd516394b9f3823ebf118~c5_720x720.jpeg?x-expires=1627776000&x-signature=j8wLLvnpnVNDGQGvO2eL23x8t3E%3D","https://p16-sign-va.tiktokcdn.com/tos-maliva-avt-0068/033440df751dd516394b9f3823ebf118~c5_1080x1080.jpeg?x-expires=1627776000&x-signature=hTXb7ojqQIrwx3BaWUCPVRqOo1Q%3D",57,"https://p16-sign-va.tiktokcdn.com/obj/tos-maliva-p-0068/d42cb9b1f1ee48b4a1b316bf81197fcf_1614635620?x-expires=1627711200&x-signature=34mnLn8dkTgS8ZuqqUcfUQEek28%3D","https://p16-sign-va.tiktokcdn.com/obj/tos-maliva-p-0068/59e3c8109c624aa68ac574cd07f71c32_1614635616?x-expires=1627711200&x-signature=%2F%2Fjon5fp5JsAE3TgyYXyj92PdQ0%3D","https://p16-sign-va.tiktokcdn.com/obj/tos-maliva-p-0068/3b4548c981ac42d4a8985dd332b1975b_1614635616?x-expires=1627711200&x-signature=oM%2F3PyOkEGZ%2F1MnClC1ovlJtaUU%3D","https://www.tiktok.com/@juegosolimpicos_/video/6934807102812720390","https://v16-web.tiktok.com/video/tos/useast2a/tos-useast2a-pve-0068/29c58915a0d2455f9083cafe0ba815bf/?a=1988&br=3050&bt=1525&cd=0%7C0%7C0&ch=0&cr=0&cs=0&dr=0&ds=3&er=&expire=1627711320&ft=Q9BExEBe_4ka&l=202107310001030101890651050C8FA75A&lr=tiktok_m&mime_type=video_mp4&net=0&pl=0&policy=2&qs=0&rc=M25qbTxldXlwMzMzaDgzM0ApNDU5NDc1PDw0NzpoaGdlOWdyZjIvX3BqLXJgLS0vLzZzczQzNmM1MmI2MTYtLjQtMC46Yw%3D%3D&signature=192ed5c68309f006217bbb9747890ef4&tk=tt_webid_v2&vl=&vr=","","",576,1024,57,28,0,812,0,false,"[]","[{""id"":""338136"",""name"":""mujeres"",""title"":"""",""cover"":""""},{""id"":""1661561159273477"",""name"":""mujereshermosas1"",""title"":"""",""cover"":""""}]","[]"
"6934806617783274758","6934806617783274758","",1614635500,"6876955668520190982","MS4wLjABAAAAauaucqPBGYwgxKc8XcJMSNCqqEhoGMJ6IF28p-TuYrpErya5_bC0lSGZ6sQKDxWh","juegosolimpicos_","Juegos OlÃ­mpicos",false,"Juegos OlÃ­mpicos.","https://p16-sign-va.tiktokcdn.com/tos-maliva-avt-0068/033440df751dd516394b9f3823ebf118~c5_1080x1080.jpeg?x-expires=1627776000&x-signature=hTXb7ojqQIrwx3BaWUCPVRqOo1Q%3D",1,394,481,11,4,"6934806609935764230","sonido original","Juegos OlÃ­mpicos",true,"","https://sf16-ies-music-va.tiktokcdn.com/obj/musically-maliva-obj/6934806639274920709.mp3","https://p16-sign-va.tiktokcdn.com/tos-maliva-avt-0068/033440df751dd516394b9f3823ebf118~c5_100x100.jpeg?x-expires=1627776000&x-signature=SeSmSQSllMCuAc%2BLyLbW052DXTA%3D","https://p16-sign-va.tiktokcdn.com/tos-maliva-avt-0068/033440df751dd516394b9f3823ebf118~c5_720x720.jpeg?x-expires=1627776000&x-signature=j8wLLvnpnVNDGQGvO2eL23x8t3E%3D","https://p16-sign-va.tiktokcdn.com/tos-maliva-avt-0068/033440df751dd516394b9f3823ebf118~c5_1080x1080.jpeg?x-expires=1627776000&x-signature=hTXb7ojqQIrwx3BaWUCPVRqOo1Q%3D",56,"https://p16-sign-va.tiktokcdn.com/obj/tos-maliva-p-0068/05cfac1f637d48d38826126a2a81b922_1614635619?x-expires=1627711200&x-signature=ZQ9%2FRdCTFtlfNHbDkFTemhC5qdM%3D","https://p16-sign-va.tiktokcdn.com/obj/tos-maliva-p-0068/927eb62ddd6c48179f5e984c924e557b_1614635502?x-expires=1627711200&x-signature=ULgeZiMz6TdvvEwitFLkTiJkmko%3D","https://p16-sign-va.tiktokcdn.com/obj/tos-maliva-p-0068/92dc1aa2f292488bba2822cf00dd6791_1614635503?x-expires=1627711200&x-signature=%2FVZHFXe%2FiqPJAxK%2FSF2GmWWlu2g%3D","https://www.tiktok.com/@juegosolimpicos_/video/6934806617783274758","https://v16-web.tiktok.com/video/tos/useast2a/tos-useast2a-ve-0068c001/046049bbc0bf4a3ab592930e2cb80dfe/?a=1988&br=3014&bt=1507&cd=0%7C0%7C0&ch=0&cr=0&cs=0&dr=0&ds=3&er=&expire=1627711319&ft=Q9BExEBe_4ka&l=202107310001030101890651050C8FA75A&lr=tiktok_m&mime_type=video_mp4&net=0&pl=0&policy=2&qs=0&rc=M2U3cnE0anJwMzMzNjgzM0ApZmY5Ozk7OTs0NzZoZDw3aGc1M2I1cnFsLXJgLS0yLzZzcy9fMS4uNjUuMTYwY2BgYGM6Yw%3D%3D&signature=ec0a29e984cbaf7a751919203acb0ab7&tk=tt_webid_v2&vl=&vr=","","",576,1024,56,25,1,707,1,false,"[]","[]","[]"
"6933820834616233222","6933820834616233222","#mujereshermosas1 #viral #tiktokindia #tiktokusa #india #usa",1614406001,"6876955668520190982","MS4wLjABAAAAauaucqPBGYwgxKc8XcJMSNCqqEhoGMJ6IF28p-TuYrpErya5_bC0lSGZ6sQKDxWh","juegosolimpicos_","Juegos OlÃ­mpicos",false,"Juegos OlÃ­mpicos.","https://p16-sign-va.tiktokcdn.com/tos-maliva-avt-0068/033440df751dd516394b9f3823ebf118~c5_1080x1080.jpeg?x-expires=1627776000&x-signature=hTXb7ojqQIrwx3BaWUCPVRqOo1Q%3D",1,394,481,11,4,"6933820763963230981","sonido original","Juegos OlÃ­mpicos",true,"","https://sf16-ies-music-va.tiktokcdn.com/obj/musically-maliva-obj/6933820800390777606.mp3","https://p16-sign-va.tiktokcdn.com/tos-maliva-avt-0068/033440df751dd516394b9f3823ebf118~c5_100x100.jpeg?x-expires=1627776000&x-signature=SeSmSQSllMCuAc%2BLyLbW052DXTA%3D","https://p16-sign-va.tiktokcdn.com/tos-maliva-avt-0068/033440df751dd516394b9f3823ebf118~c5_720x720.jpeg?x-expires=1627776000&x-signature=j8wLLvnpnVNDGQGvO2eL23x8t3E%3D","https://p16-sign-va.tiktokcdn.com/tos-maliva-avt-0068/033440df751dd516394b9f3823ebf118~c5_1080x1080.jpeg?x-expires=1627776000&x-signature=hTXb7ojqQIrwx3BaWUCPVRqOo1Q%3D",52,"https://p16-sign-va.tiktokcdn.com/obj/tos-maliva-p-0068/bac65a79cb974cc69624d6a8d664fc7a_1614406007?x-expires=1627711200&x-signature=Tdbl9N0OVSPUEyVPM0X2bR7bLDo%3D","https://p16-sign-va.tiktokcdn.com/obj/tos-maliva-p-0068/e85492ce8e63489c83adfc5c5785a404_1614406004?x-expires=1627711200&x-signature=cfljtHEESSpk5V%2B1VKG1j4LlU9c%3D","https://p16-sign-va.tiktokcdn.com/obj/tos-maliva-p-0068/765174cda1624daab3a57a6dfdfdaf97_1614406003?x-expires=1627711200&x-signature=csxSs33liqqCKiV8hNukkWpFel0%3D","https://www.tiktok.com/@juegosolimpicos_/video/6933820834616233222","https://v16-web.tiktok.com/video/tos/useast2a/tos-useast2a-ve-0068c003/18cff4a0a3c744fabdc0bee15159d3a5/?a=1988&br=2976&bt=1488&cd=0%7C0%7C1&ch=0&cr=0&cs=0&cv=1&dr=0&ds=3&er=&expire=1627711315&ft=Q9BExEBe_4ka&l=202107310001030101890651050C8FA75A&lr=tiktok_m&mime_type=video_mp4&net=0&pl=0&policy=2&qs=0&rc=anJwanJ0OWp4MzMzPDgzM0ApZDs2Njo5Mzs6NzQ0NTw0ZGdnaGJqLi80LXBgLS02LzZzczYvYl9gMzMyLTZeYzQuMTE6Yw%3D%3D&signature=c18446a87b0d020554e3436adb8ba88c&tk=tt_webid_v2&vl=&vr=","","",576,1024,52,150,1,1119,1,false,"[]","[{""id"":""1661561159273477"",""name"":""mujereshermosas1"",""title"":"""",""cover"":""""},{""id"":""20884"",""name"":""viral"",""title"":"""",""cover"":""""},{""id"":""57511693"",""name"":""tiktokindia"",""title"":""Be the change.musical.ly is now TikTok@indiatiktok #tiktokindia"",""cover"":""""},{""id"":""81608772"",""name"":""tiktokusa"",""title"":"""",""cover"":""""},{""id"":""14116"",""name"":""india"",""title"":""Hi India!!!ðŸ˜˜ðŸ˜˜ðŸ˜˜"",""cover"":""""},{""id"":""9843"",""name"":""usa"",""title"":"""",""cover"":""""}]","[]"
"6933820655804763397","6933820655804763397","#mujereshermosas1  #viral  #tiktokindia  #tiktokusa  #india  #usa",1614405958,"6876955668520190982","MS4wLjABAAAAauaucqPBGYwgxKc8XcJMSNCqqEhoGMJ6IF28p-TuYrpErya5_bC0lSGZ6sQKDxWh","juegosolimpicos_","Juegos OlÃ­mpicos",false,"Juegos OlÃ­mpicos.","https://p16-sign-va.tiktokcdn.com/tos-maliva-avt-0068/033440df751dd516394b9f3823ebf118~c5_1080x1080.jpeg?x-expires=1627776000&x-signature=hTXb7ojqQIrwx3BaWUCPVRqOo1Q%3D",1,394,481,11,4,"6933820614683724550","sonido original","Juegos OlÃ­mpicos",true,"","https://sf16-ies-music-va.tiktokcdn.com/obj/musically-maliva-obj/6933820566579235590.mp3","https://p16-sign-va.tiktokcdn.com/tos-maliva-avt-0068/033440df751dd516394b9f3823ebf118~c5_100x100.jpeg?x-expires=1627776000&x-signature=SeSmSQSllMCuAc%2BLyLbW052DXTA%3D","https://p16-sign-va.tiktokcdn.com/tos-maliva-avt-0068/033440df751dd516394b9f3823ebf118~c5_720x720.jpeg?x-expires=1627776000&x-signature=j8wLLvnpnVNDGQGvO2eL23x8t3E%3D","https://p16-sign-va.tiktokcdn.com/tos-maliva-avt-0068/033440df751dd516394b9f3823ebf118~c5_1080x1080.jpeg?x-expires=1627776000&x-signature=hTXb7ojqQIrwx3BaWUCPVRqOo1Q%3D",57,"https://p16-sign-va.tiktokcdn.com/obj/tos-maliva-p-0068/c5518c157f1946408bdefb3c30027166_1614405968?x-expires=1627711200&x-signature=CjmbEjDQgT%2FC3E2kd%2FYWkkqmKMI%3D","https://p16-sign-va.tiktokcdn.com/obj/tos-maliva-p-0068/00e8d1c56dd348e98f34b77c8569bf62_1614405960?x-expires=1627711200&x-signature=MewE3or8Nd4JN%2FscjAbHijbZDHg%3D","https://p16-sign-va.tiktokcdn.com/obj/tos-maliva-p-0068/b7edc9c3cf294d1d9a2d544a101b7c08_1614405964?x-expires=1627711200&x-signature=EMcXiDxFqLd9X%2FM6dTjTyz4PTzY%3D","https://www.tiktok.com/@juegosolimpicos_/video/6933820655804763397","https://v16-web.tiktok.com/video/tos/useast2a/tos-useast2a-pve-0068/937d217afd8745688a760d38e0d55844/?a=1988&br=2642&bt=1321&cd=0%7C0%7C0&ch=0&cr=0&cs=0&dr=0&ds=3&er=&expire=1627711320&ft=Q9BExEBe_4ka&l=202107310001030101890651050C8FA75A&lr=tiktok_m&mime_type=video_mp4&net=0&pl=0&policy=2&qs=0&rc=MzN2dHk1O3R3MzMzaTgzM0ApOTNpZjZlNWQ2NzVlZmdlOmdqM2Bxc24ycXBgLS1hLzZzc14wYGEzMTAuMjM2YV8wMWI6Yw%3D%3D&signature=cde9e9e2375a8b8cc7f2dd8d9d432d28&tk=tt_webid_v2&vl=&vr=","","",576,1024,57,58,0,1068,0,false,"[]","[{""id"":""1661561159273477"",""name"":""mujereshermosas1"",""title"":"""",""cover"":""""},{""id"":""20884"",""name"":""viral"",""title"":"""",""cover"":""""},{""id"":""57511693"",""name"":""tiktokindia"",""title"":""Be the change.musical.ly is now TikTok@indiatiktok #tiktokindia"",""cover"":""""},{""id"":""81608772"",""name"":""tiktokusa"",""title"":"""",""cover"":""""},{""id"":""14116"",""name"":""india"",""title"":""Hi India!!!ðŸ˜˜ðŸ˜˜ðŸ˜˜"",""cover"":""""},{""id"":""9843"",""name"":""usa"",""title"":"""",""cover"":""""}]","[]"
"6933820187380567301","6933820187380567301","#mujereshermosas1  #viral #tiktokindia #tik #india  #usa",1614405849,"6876955668520190982","MS4wLjABAAAAauaucqPBGYwgxKc8XcJMSNCqqEhoGMJ6IF28p-TuYrpErya5_bC0lSGZ6sQKDxWh","juegosolimpicos_","Juegos OlÃ­mpicos",false,"Juegos OlÃ­mpicos.","https://p16-sign-va.tiktokcdn.com/tos-maliva-avt-0068/033440df751dd516394b9f3823ebf118~c5_1080x1080.jpeg?x-expires=1627776000&x-signature=hTXb7ojqQIrwx3BaWUCPVRqOo1Q%3D",1,394,481,11,4,"6933820115062491910","sonido original","Juegos OlÃ­mpicos",true,"","https://sf16-ies-music-va.tiktokcdn.com/obj/musically-maliva-obj/6933820109379128069.mp3","https://p16-sign-va.tiktokcdn.com/tos-maliva-avt-0068/033440df751dd516394b9f3823ebf118~c5_100x100.jpeg?x-expires=1627776000&x-signature=SeSmSQSllMCuAc%2BLyLbW052DXTA%3D","https://p16-sign-va.tiktokcdn.com/tos-maliva-avt-0068/033440df751dd516394b9f3823ebf118~c5_720x720.jpeg?x-expires=1627776000&x-signature=j8wLLvnpnVNDGQGvO2eL23x8t3E%3D","https://p16-sign-va.tiktokcdn.com/tos-maliva-avt-0068/033440df751dd516394b9f3823ebf118~c5_1080x1080.jpeg?x-expires=1627776000&x-signature=hTXb7ojqQIrwx3BaWUCPVRqOo1Q%3D",57,"https://p16-sign-va.tiktokcdn.com/obj/tos-maliva-p-0068/e87e0d1a655a4052a69e89bbc5c6596c_1614405854?x-expires=1627711200&x-signature=9dGXC7excldy2QDmJLAfqR9XsJo%3D","https://p16-sign-va.tiktokcdn.com/obj/tos-maliva-p-0068/8f2039bc0e7e46faa745bc20400a9dd8_1614405851?x-expires=1627711200&x-signature=jg0So1ZS74n%2F3FH6ab9izTNEX%2FQ%3D","https://p16-sign-va.tiktokcdn.com/obj/tos-maliva-p-0068/84df3ba9af95469fb4506c86a4eaa761_1614405851?x-expires=1627711200&x-signature=7aipIGgFCtEY6dKigd%2FiwpPr0sE%3D","https://www.tiktok.com/@juegosolimpicos_/video/6933820187380567301","https://v16-web.tiktok.com/video/tos/useast2a/tos-useast2a-ve-0068c003/0c767baa6b9941fca2761eef29230d80/?a=1988&br=3030&bt=1515&cd=0%7C0%7C0&ch=0&cr=0&cs=0&dr=0&ds=3&er=&expire=1627711320&ft=Q9BExEBe_4ka&l=202107310001030101890651050C8FA75A&lr=tiktok_m&mime_type=video_mp4&net=0&pl=0&policy=2&qs=0&rc=M3V4cG08bDd3MzMzNDgzM0ApOjo4ZjczZzxlN2c2PDs7PGdxMWpvaDFhcnBgLS1eLzZzc15fLzQ1YjA0Xi1fNTUvXjA6Yw%3D%3D&signature=9b8582235b58a8e0e8896d8195563515&tk=tt_webid_v2&vl=&vr=","","",576,1024,57,31,0,1032,0,false,"[]","[{""id"":""1661561159273477"",""name"":""mujereshermosas1"",""title"":"""",""cover"":""""},{""id"":""20884"",""name"":""viral"",""title"":"""",""cover"":""""},{""id"":""57511693"",""name"":""tiktokindia"",""title"":""Be the change.musical.ly is now TikTok@indiatiktok #tiktokindia"",""cover"":""""},{""id"":""71585"",""name"":""tik"",""title"":"""",""cover"":""""},{""id"":""14116"",""name"":""india"",""title"":""Hi India!!!ðŸ˜˜ðŸ˜˜ðŸ˜˜"",""cover"":""""},{""id"":""9843"",""name"":""usa"",""title"":"""",""cover"":""""}]","[]"
"6933819827828182278","6933819827828182278","#mujereshermosas1 #viral #tiktokindia #tiktokusa #india #usa",1614405766,"6876955668520190982","MS4wLjABAAAAauaucqPBGYwgxKc8XcJMSNCqqEhoGMJ6IF28p-TuYrpErya5_bC0lSGZ6sQKDxWh","juegosolimpicos_","Juegos OlÃ­mpicos",false,"Juegos OlÃ­mpicos.","https://p16-sign-va.tiktokcdn.com/tos-maliva-avt-0068/033440df751dd516394b9f3823ebf118~c5_1080x1080.jpeg?x-expires=1627776000&x-signature=hTXb7ojqQIrwx3BaWUCPVRqOo1Q%3D",1,394,481,11,4,"6933819754251569925","sonido original","Juegos OlÃ­mpicos",true,"","https://sf16-ies-music-va.tiktokcdn.com/obj/musically-maliva-obj/6933819821544999685.mp3","https://p16-sign-va.tiktokcdn.com/tos-maliva-avt-0068/033440df751dd516394b9f3823ebf118~c5_100x100.jpeg?x-expires=1627776000&x-signature=SeSmSQSllMCuAc%2BLyLbW052DXTA%3D","https://p16-sign-va.tiktokcdn.com/tos-maliva-avt-0068/033440df751dd516394b9f3823ebf118~c5_720x720.jpeg?x-expires=1627776000&x-signature=j8wLLvnpnVNDGQGvO2eL23x8t3E%3D","https://p16-sign-va.tiktokcdn.com/tos-maliva-avt-0068/033440df751dd516394b9f3823ebf118~c5_1080x1080.jpeg?x-expires=1627776000&x-signature=hTXb7ojqQIrwx3BaWUCPVRqOo1Q%3D",58,"https://p16-sign-va.tiktokcdn.com/obj/tos-maliva-p-0068/0c5c4a0b80b047948adbd399857709ff_1614405769?x-expires=1627711200&x-signature=0yOq%2FYkYA5Vj%2BXhskMsxZXg92ew%3D","https://p16-sign-va.tiktokcdn.com/obj/tos-maliva-p-0068/5409be4672de4c1c98d38b4a62c08623_1614405768?x-expires=1627711200&x-signature=F41lAg4BMw79ZCNDzBtjm3NJSW4%3D","https://p16-sign-va.tiktokcdn.com/obj/tos-maliva-p-0068/62b1d6c1b1024dcdba8ea743a5949ad7_1614405767?x-expires=1627711200&x-signature=NJj0Gm1ELbGAnEZd6K1mhpyng%2F0%3D","https://www.tiktok.com/@juegosolimpicos_/video/6933819827828182278","https://v16-web.tiktok.com/video/tos/useast2a/tos-useast2a-ve-0068c003/534efe2468204b7a9f8ed1e20633f89f/?a=1988&br=4072&bt=2036&cd=0%7C0%7C0&ch=0&cr=0&cs=0&dr=0&ds=3&er=&expire=1627711321&ft=Q9BExEBe_4ka&l=202107310001030101890651050C8FA75A&lr=tiktok_m&mime_type=video_mp4&net=0&pl=0&policy=2&qs=0&rc=ajc5b3RtNW53MzMzOjgzM0ApZGY4ODllNWVnNzw3aDw7aGdxZzNlNDBncXBgLS1fLzZzczNgNjVeYi4tYmMuYzNiXl46Yw%3D%3D&signature=18b2daf63504ac333839b0bd8f32fac9&tk=tt_webid_v2&vl=&vr=","","",576,1024,58,29,0,966,0,false,"[]","[{""id"":""1661561159273477"",""name"":""mujereshermosas1"",""title"":"""",""cover"":""""},{""id"":""20884"",""name"":""viral"",""title"":"""",""cover"":""""},{""id"":""57511693"",""name"":""tiktokindia"",""title"":""Be the change.musical.ly is now TikTok@indiatiktok #tiktokindia"",""cover"":""""},{""id"":""81608772"",""name"":""tiktokusa"",""title"":"""",""cover"":""""},{""id"":""14116"",""name"":""india"",""title"":""Hi India!!!ðŸ˜˜ðŸ˜˜ðŸ˜˜"",""cover"":""""},{""id"":""9843"",""name"":""usa"",""title"":"""",""cover"":""""}]","[]"
"6933817215284251909","6933817215284251909","#mujereshermosas1",1614405157,"6876955668520190982","MS4wLjABAAAAauaucqPBGYwgxKc8XcJMSNCqqEhoGMJ6IF28p-TuYrpErya5_bC0lSGZ6sQKDxWh","juegosolimpicos_","Juegos OlÃ­mpicos",false,"Juegos OlÃ­mpicos.","https://p16-sign-va.tiktokcdn.com/tos-maliva-avt-0068/033440df751dd516394b9f3823ebf118~c5_1080x1080.jpeg?x-expires=1627776000&x-signature=hTXb7ojqQIrwx3BaWUCPVRqOo1Q%3D",1,394,481,11,4,"6933817167418903302","sonido original","Juegos OlÃ­mpicos",true,"","https://sf16-ies-music-va.tiktokcdn.com/obj/musically-maliva-obj/6933817154949188358.mp3","https://p16-sign-va.tiktokcdn.com/tos-maliva-avt-0068/033440df751dd516394b9f3823ebf118~c5_100x100.jpeg?x-expires=1627776000&x-signature=SeSmSQSllMCuAc%2BLyLbW052DXTA%3D","https://p16-sign-va.tiktokcdn.com/tos-maliva-avt-0068/033440df751dd516394b9f3823ebf118~c5_720x720.jpeg?x-expires=1627776000&x-signature=j8wLLvnpnVNDGQGvO2eL23x8t3E%3D","https://p16-sign-va.tiktokcdn.com/tos-maliva-avt-0068/033440df751dd516394b9f3823ebf118~c5_1080x1080.jpeg?x-expires=1627776000&x-signature=hTXb7ojqQIrwx3BaWUCPVRqOo1Q%3D",58,"https://p16-sign-va.tiktokcdn.com/obj/tos-maliva-p-0068/be9b7d38556e465293e27496a6964437_1614405162?x-expires=1627711200&x-signature=801BYorq3Ei5Uhow5XcpFjWzK3Y%3D","https://p16-sign-va.tiktokcdn.com/obj/tos-maliva-p-0068/7aefcf463f3042c499b9ff6f9c6a320b_1614405158?x-expires=1627711200&x-signature=K2hqX0g%2BcS6ALhz2UnCBenVaNHU%3D","https://p16-sign-va.tiktokcdn.com/obj/tos-maliva-p-0068/2396ce260fa64ca6b6bfe9049885d226_1614405159?x-expires=1627711200&x-signature=KjhqI%2B6Q2k5B55EAhoayPCMB1OQ%3D","https://www.tiktok.com/@juegosolimpicos_/video/6933817215284251909","https://v16-web.tiktok.com/video/tos/useast2a/tos-useast2a-ve-0068c003/f51046ea4de24525a1011eec05f693db/?a=1988&br=3046&bt=1523&cd=0%7C0%7C0&ch=0&cr=0&cs=0&dr=0&ds=3&er=&expire=1627711321&ft=Q9BExEBe_4ka&l=202107310001030101890651050C8FA75A&lr=tiktok_m&mime_type=video_mp4&net=0&pl=0&policy=2&qs=0&rc=amp2dnd1cDt3MzMzaDgzM0ApNThlN2c2NmQ2N2c7aGQ7ZGc0a3BlajFybnBgLS01LzZzczM2YDE0NV5iYTQvLzNjXjQ6Yw%3D%3D&signature=cc8e4493ca90d1c14b890bcc0f84cde4&tk=tt_webid_v2&vl=&vr=","","",576,1024,58,14,1,495,0,false,"[]","[{""id"":""1661561159273477"",""name"":""mujereshermosas1"",""title"":"""",""cover"":""""}]","[]"
"6933727112620756230","6933727112620756230","juegos olimpicos",1614384161,"6876955668520190982","MS4wLjABAAAAauaucqPBGYwgxKc8XcJMSNCqqEhoGMJ6IF28p-TuYrpErya5_bC0lSGZ6sQKDxWh","juegosolimpicos_","Juegos OlÃ­mpicos",false,"Juegos OlÃ­mpicos.","https://p16-sign-va.tiktokcdn.com/tos-maliva-avt-0068/033440df751dd516394b9f3823ebf118~c5_1080x1080.jpeg?x-expires=1627776000&x-signature=hTXb7ojqQIrwx3BaWUCPVRqOo1Q%3D",1,394,481,11,4,"6933727079955516166","sonido original","Juegos OlÃ­mpicos",true,"","https://sf16-ies-music-va.tiktokcdn.com/obj/musically-maliva-obj/6933727129330879238.mp3","https://p16-sign-va.tiktokcdn.com/tos-maliva-avt-0068/033440df751dd516394b9f3823ebf118~c5_100x100.jpeg?x-expires=1627776000&x-signature=SeSmSQSllMCuAc%2BLyLbW052DXTA%3D","https://p16-sign-va.tiktokcdn.com/tos-maliva-avt-0068/033440df751dd516394b9f3823ebf118~c5_720x720.jpeg?x-expires=1627776000&x-signature=j8wLLvnpnVNDGQGvO2eL23x8t3E%3D","https://p16-sign-va.tiktokcdn.com/tos-maliva-avt-0068/033440df751dd516394b9f3823ebf118~c5_1080x1080.jpeg?x-expires=1627776000&x-signature=hTXb7ojqQIrwx3BaWUCPVRqOo1Q%3D",56,"https://p16-sign-va.tiktokcdn.com/obj/tos-maliva-p-0068/ece990cc7f254a57a2a781329d840069_1614384263?x-expires=1627711200&x-signature=kSkieJPITbfT4H5Db1vesOUuDd8%3D","https://p16-sign-va.tiktokcdn.com/obj/tos-maliva-p-0068/c17bf1fe8f79435b8c2f12c20bce13de_1614384164?x-expires=1627711200&x-signature=5tajmFfhGphqsQkh1BOtktj8AJQ%3D","https://p16-sign-va.tiktokcdn.com/obj/tos-maliva-p-0068/4d21985e3e4c4fcfbf5d930b8cd8860f_1614384165?x-expires=1627711200&x-signature=aV%2FY9vsiTwC%2BmnAuJa2FErsmqbI%3D","https://www.tiktok.com/@juegosolimpicos_/video/6933727112620756230","https://v16-web.tiktok.com/video/tos/useast2a/tos-useast2a-ve-0068c001/eb0606db436b4491ae0b23f6bc55f7e9/?a=1988&br=2810&bt=1405&cd=0%7C0%7C1&ch=0&cr=0&cs=0&cv=1&dr=0&ds=3&er=&expire=1627711319&ft=Q9BExEBe_4ka&l=202107310001030101890651050C8FA75A&lr=tiktok_m&mime_type=video_mp4&net=0&pl=0&policy=2&qs=0&rc=MzY4bmRkeHlyMzMzaTgzM0ApPDs2ZDVmNjs3Nzs1ZDo7NGc0bi4uY140anBgLS1gLzZzcy0uYF5gYmNjMzJiYzMzLzI6Yw%3D%3D&signature=91fa9750db00633263df936133554075&tk=tt_webid_v2&vl=&vr=","","",576,1024,56,56,0,2106,0,false,"[]","[]","[]"
"6933724154378161414","6933724154378161414","Salto Largo de Mujeres Hermosas #mujereshermosas1",1614383472,"6876955668520190982","MS4wLjABAAAAauaucqPBGYwgxKc8XcJMSNCqqEhoGMJ6IF28p-TuYrpErya5_bC0lSGZ6sQKDxWh","juegosolimpicos_","Juegos OlÃ­mpicos",false,"Juegos OlÃ­mpicos.","https://p16-sign-va.tiktokcdn.com/tos-maliva-avt-0068/033440df751dd516394b9f3823ebf118~c5_1080x1080.jpeg?x-expires=1627776000&x-signature=hTXb7ojqQIrwx3BaWUCPVRqOo1Q%3D",1,394,481,11,4,"6933724123663256326","sonido original","Juegos OlÃ­mpicos",true,"","https://sf16-ies-music-va.tiktokcdn.com/obj/musically-maliva-obj/6933724144106654469.mp3","https://p16-sign-va.tiktokcdn.com/tos-maliva-avt-0068/033440df751dd516394b9f3823ebf118~c5_100x100.jpeg?x-expires=1627776000&x-signature=SeSmSQSllMCuAc%2BLyLbW052DXTA%3D","https://p16-sign-va.tiktokcdn.com/tos-maliva-avt-0068/033440df751dd516394b9f3823ebf118~c5_720x720.jpeg?x-expires=1627776000&x-signature=j8wLLvnpnVNDGQGvO2eL23x8t3E%3D","https://p16-sign-va.tiktokcdn.com/tos-maliva-avt-0068/033440df751dd516394b9f3823ebf118~c5_1080x1080.jpeg?x-expires=1627776000&x-signature=hTXb7ojqQIrwx3BaWUCPVRqOo1Q%3D",57,"https://p16-sign-va.tiktokcdn.com/obj/tos-maliva-p-0068/566bdcbd664047d98c97a8bf48fd3c70_1614383475?x-expires=1627711200&x-signature=BeUteZ3BTIF0BptOGFb%2FZsl4BB0%3D","https://p16-sign-va.tiktokcdn.com/obj/tos-maliva-p-0068/5aaf2dbfcaf14b3c9cd29b92e31cb0d1_1614383474?x-expires=1627711200&x-signature=uNlf6qYdjtpo4%2F4jeAiWIAz8hjY%3D","https://p16-sign-va.tiktokcdn.com/obj/tos-maliva-p-0068/8b0474fe59bd4672acca58725a1da7fd_1614383475?x-expires=1627711200&x-signature=2WSqCFPzd7P%2B%2FeCOVLEskHlKPlM%3D","https://www.tiktok.com/@juegosolimpicos_/video/6933724154378161414","https://v16-web.tiktok.com/video/tos/useast2a/tos-useast2a-pve-0068/847fdc5f62d5473aa6e31c7e3d8c67ab/?a=1988&br=3890&bt=1945&cd=0%7C0%7C0&ch=0&cr=0&cs=0&dr=0&ds=3&er=&expire=1627711320&ft=Q9BExEBe_4ka&l=202107310001030101890651050C8FA75A&lr=tiktok_m&mime_type=video_mp4&net=0&pl=0&policy=2&qs=0&rc=ajY3a3VpZm9yMzMzZTgzM0ApNTc6NDo2N2Q5NzlpNDY5OmdnYWQxYV5fZXBgLS0wLzZzczFeXi9eLjQzLjQxXjE1Ll46Yw%3D%3D&signature=cae552c12f28efa1605127ec48075d76&tk=tt_webid_v2&vl=&vr=","","",576,1024,57,8,1,452,0,false,"[]","[{""id"":""1661561159273477"",""name"":""mujereshermosas1"",""title"":"""",""cover"":""""}]","[]"